Predicci¢n;Real
van;van
saab;saab
van;van
van;van
van;van
van;van
saab;saab
saab;saab
saab;saab
bus;bus
saab;opel
bus;bus
van;van
saab;saab
saab;saab
saab;opel
bus;bus
van;van
saab;saab
van;van
bus;bus
van;van
van;van
van;van
bus;bus
saab;opel
bus;bus
saab;opel
saab;opel
van;van
saab;saab
saab;opel
saab;saab
van;van
bus;bus
van;van
saab;saab
saab;saab
saab;opel
van;van
saab;saab
saab;saab
bus;bus
van;van
opel;opel
van;van
van;van
bus;bus
saab;saab
saab;opel
saab;saab
saab;saab
van;van
bus;bus
saab;saab
saab;opel
saab;saab
van;van
saab;opel
van;van
van;van
van;van
saab;saab
saab;saab
saab;opel
bus;bus
saab;opel
saab;opel
opel;opel
saab;saab
van;van
bus;bus
van;van
van;van
bus;bus
bus;bus
bus;bus
saab;saab
bus;bus
van;van
saab;saab
bus;bus
saab;saab
saab;saab
saab;saab
saab;saab
bus;bus
bus;bus
bus;bus
van;van
bus;bus
van;van
saab;opel
saab;bus
opel;saab
opel;saab
opel;opel
opel;opel
bus;bus
van;van
saab;opel
van;van
opel;opel
van;van
bus;bus
van;van
saab;saab
opel;opel
saab;saab
saab;saab
saab;opel
opel;opel
van;van
saab;opel
opel;opel
saab;saab
saab;saab
van;van
saab;saab
saab;saab
opel;opel
saab;saab
opel;opel
saab;saab
saab;opel
bus;bus
van;van
bus;bus
bus;bus
van;van
bus;bus
bus;bus
van;van
van;van
saab;saab
bus;bus
van;van
bus;bus
saab;saab
bus;bus
van;van
opel;opel
opel;opel
van;van
saab;saab
saab;saab
saab;opel
opel;opel
opel;opel
bus;bus
van;van
bus;bus
van;van
opel;saab
saab;opel
saab;saab
van;van
saab;opel
van;van
bus;bus
van;van
saab;saab
bus;bus
opel;opel
bus;bus
van;van
van;van
saab;saab
saab;opel
opel;opel
van;van
saab;saab
opel;opel
opel;opel
saab;saab
saab;saab
bus;bus
saab;saab
saab;saab
van;van
saab;saab
saab;saab
opel;opel
opel;opel
van;van
van;van
saab;saab
saab;saab
opel;opel
opel;opel
bus;bus
bus;bus
opel;opel
opel;saab
bus;bus
van;van
van;van
saab;saab
saab;opel
saab;bus
bus;bus
bus;bus
bus;bus
van;van
saab;saab
saab;saab
van;van
opel;opel
van;van
saab;opel
bus;bus
bus;bus
opel;opel
van;opel
bus;bus
bus;bus
saab;opel
bus;bus
saab;saab
van;van
saab;saab
van;van
bus;bus
bus;bus
van;van
bus;bus
bus;bus
saab;opel
van;van
saab;saab
saab;saab
van;van
opel;opel
van;van
bus;bus
bus;bus
bus;bus
saab;saab
bus;bus
bus;bus
van;van
saab;saab
opel;opel
opel;opel
bus;bus
bus;bus
opel;opel
saab;saab
opel;opel
opel;opel
van;van
bus;bus
bus;bus
saab;opel
